nombre,tiempo-r1,tiempo-r2,tiempo-R 0,decisio-t 0,tiempo-R 1,decisio-t 1,tiempo-R 2,decisio-t 2,tiempo-R 3,decisio-t 3,tiempo-R 4,decisio-t 4
x,35.94659376144409,0.0,0.09075689315795898,3,0.010966300964355469,2,0.010975360870361328,3,0.009952068328857422,2
