nombre,tiempo-r1,tiempo-r2,tiempo-R 0,decisio-t 0,tiempo-R 1,decisio-t 1,tiempo-R 2,decisio-t 2,tiempo-R 3,decisio-t 3,tiempo-R 4,decisio-t 4
x,35.94659376144409,0.0,0.09075689315795898,3,0.010966300964355469,2,0.010975360870361328,3,0.009952068328857422,2
j3,39.39931058883667,0.0,0.20345616340637207,2,1.5349607467651367,2,1.4532091617584229,2,1.953495740890503,3
j4,73.68089270591736,0.0,2.5880050659179688,2,5.45231819152832,3,31.712323904037476,2
